INSERT INTO role values (1,'ADMIN'),(2,'HR_MANAGER'),(3,'USER');
-- test123

INSERT INTO users values (1,"admin","$2a$12$z93kGQ9sQ6Yb86uuXX5lg.JQJpbyzLCGP6RaxzILCkhoSQbAB8iHK");
INSERT INTO users values (2,"heaven.mcconnell","$2a$12$z93kGQ9sQ6Yb86uuXX5lg.JQJpbyzLCGP6RaxzILCkhoSQbAB8iHK");
INSERT INTO users values (3,"london.hayes","$2a$12$z93kGQ9sQ6Yb86uuXX5lg.JQJpbyzLCGP6RaxzILCkhoSQbAB8iHK");
INSERT INTO users values (4,"lexi.parra","$2a$12$z93kGQ9sQ6Yb86uuXX5lg.JQJpbyzLCGP6RaxzILCkhoSQbAB8iHK");
INSERT INTO users values (5,"olive.francis","$2a$12$z93kGQ9sQ6Yb86uuXX5lg.JQJpbyzLCGP6RaxzILCkhoSQbAB8iHK");
INSERT INTO users values (6,"harvey.morton","$2a$12$z93kGQ9sQ6Yb86uuXX5lg.JQJpbyzLCGP6RaxzILCkhoSQbAB8iHK");
INSERT INTO users values (7,"mallory.ball","$2a$12$z93kGQ9sQ6Yb86uuXX5lg.JQJpbyzLCGP6RaxzILCkhoSQbAB8iHK");
INSERT INTO users values (8,"shane.soto","$2a$12$z93kGQ9sQ6Yb86uuXX5lg.JQJpbyzLCGP6RaxzILCkhoSQbAB8iHK");
INSERT INTO users values (9,"brynlee.huber","$2a$12$z93kGQ9sQ6Yb86uuXX5lg.JQJpbyzLCGP6RaxzILCkhoSQbAB8iHK");
INSERT INTO users values (10,"mac.booth","$2a$12$z93kGQ9sQ6Yb86uuXX5lg.JQJpbyzLCGP6RaxzILCkhoSQbAB8iHK");
INSERT INTO users values (11,"zariyah.wilcox","$2a$12$z93kGQ9sQ6Yb86uuXX5lg.JQJpbyzLCGP6RaxzILCkhoSQbAB8iHK");
INSERT INTO users values (12,"jerry.erickson","$2a$12$z93kGQ9sQ6Yb86uuXX5lg.JQJpbyzLCGP6RaxzILCkhoSQbAB8iHK");
INSERT INTO users values (13,"sabrina.rangel","$2a$12$z93kGQ9sQ6Yb86uuXX5lg.JQJpbyzLCGP6RaxzILCkhoSQbAB8iHK");
INSERT INTO users values (14,"saint.russell","$2a$12$z93kGQ9sQ6Yb86uuXX5lg.JQJpbyzLCGP6RaxzILCkhoSQbAB8iHK");
INSERT INTO users values (15,"raelynn.best","$2a$12$z93kGQ9sQ6Yb86uuXX5lg.JQJpbyzLCGP6RaxzILCkhoSQbAB8iHK");
INSERT INTO users values (16,"harlem.montes","$2a$12$z93kGQ9sQ6Yb86uuXX5lg.JQJpbyzLCGP6RaxzILCkhoSQbAB8iHK");
INSERT INTO users values (17,"roselyn.copeland","$2a$12$z93kGQ9sQ6Yb86uuXX5lg.JQJpbyzLCGP6RaxzILCkhoSQbAB8iHK");
INSERT INTO users values (18,"axton.benitez","$2a$12$z93kGQ9sQ6Yb86uuXX5lg.JQJpbyzLCGP6RaxzILCkhoSQbAB8iHK");
INSERT INTO users values (19,"aliza.andrews","$2a$12$z93kGQ9sQ6Yb86uuXX5lg.JQJpbyzLCGP6RaxzILCkhoSQbAB8iHK");
INSERT INTO users values (20,"lukas.morse","$2a$12$z93kGQ9sQ6Yb86uuXX5lg.JQJpbyzLCGP6RaxzILCkhoSQbAB8iHK");
INSERT INTO users values (21,"kairi.mccarty","$2a$12$z93kGQ9sQ6Yb86uuXX5lg.JQJpbyzLCGP6RaxzILCkhoSQbAB8iHK");
INSERT INTO users values (22,"blaise.decker","$2a$12$z93kGQ9sQ6Yb86uuXX5lg.JQJpbyzLCGP6RaxzILCkhoSQbAB8iHK");
INSERT INTO users values (23,"aleena.ramirez","$2a$12$z93kGQ9sQ6Yb86uuXX5lg.JQJpbyzLCGP6RaxzILCkhoSQbAB8iHK");
INSERT INTO users values (24,"david.bean","$2a$12$z93kGQ9sQ6Yb86uuXX5lg.JQJpbyzLCGP6RaxzILCkhoSQbAB8iHK");
INSERT INTO users values (25,"jenesis.mullen","$2a$12$z93kGQ9sQ6Yb86uuXX5lg.JQJpbyzLCGP6RaxzILCkhoSQbAB8iHK");
INSERT INTO users values (26,"davion.dunn","$2a$12$z93kGQ9sQ6Yb86uuXX5lg.JQJpbyzLCGP6RaxzILCkhoSQbAB8iHK");

INSERT INTO user_roles values (1,1);
INSERT INTO user_roles values (2,2);
INSERT INTO user_roles values (3,2);
INSERT INTO user_roles values (4,2);
INSERT INTO user_roles values (5,2);
INSERT INTO user_roles values (6,2);
INSERT INTO user_roles values (7,3);
INSERT INTO user_roles values (8,3);
INSERT INTO user_roles values (9,3);
INSERT INTO user_roles values (10,3);
INSERT INTO user_roles values (11,3);
INSERT INTO user_roles values (12,3);
INSERT INTO user_roles values (13,3);
INSERT INTO user_roles values (14,3);
INSERT INTO user_roles values (15,3);
INSERT INTO user_roles values (16,3);
INSERT INTO user_roles values (17,3);
INSERT INTO user_roles values (18,3);
INSERT INTO user_roles values (19,3);
INSERT INTO user_roles values (20,3);
INSERT INTO user_roles values (21,3);
INSERT INTO user_roles values (22,3);
INSERT INTO user_roles values (23,3);
INSERT INTO user_roles values (24,3);
INSERT INTO user_roles values (25,3);
INSERT INTO user_roles values (26,3);

INSERT INTO employee_details (first_name, last_name, age, gender, email, phone_number, department, user_id) VALUES
('Admin', 'Admin', NULL, NULL, 'admin@company.com', NULL, 'Admin', 1),
('Heaven', 'McConnell', 28, 'F', 'heaven.mcconnell@company.com', '5550192837', 'HR', 2),
('London', 'Haynes', 34, 'O', 'london.haynes@company.com', '5552837465', 'HR', 3),
('Lexi', 'Parra', 24, 'F', 'lexi.parra@company.com', '5559823741', 'HR', 4),
('Olive', 'Francis', 41, 'F', 'olive.francis@company.com', '5551239874', 'HR', 5),
('Harvey', 'Morton', 52, 'M', 'harvey.morton@company.com', '5554738291', 'HR', 6),
('Mallory', 'Ball', 29, 'F', 'mallory.ball@company.com', '5558374625', 'Engineering', 7),
('Shane', 'Soto', 31, 'M', 'shane.soto@company.com', '5552938471', 'Sales', 8),
('Brynlee', 'Huber', 26, 'F', 'brynlee.huber@company.com', '5557263548', 'Marketing', 9),
('Mac', 'Booth', 38, 'M', 'mac.booth@company.com', '5551928374', 'Product', 10),
('Zariyah', 'Wilcox', 30, 'F', 'zariyah.wilcox@company.com', '5556473829', 'Engineering', 11),
('Jerry', 'Erickson', 45, 'M', 'jerry.erickson@company.com', '5558273645', 'Engineering', 12),
('Sabrina', 'Rangel', 27, 'F', 'sabrina.rangel@company.com', '5553948572', 'Sales', 13),
('Saint', 'Russell', 22, 'M', 'saint.russell@company.com', '5559182736', 'Marketing', 14),
('Raelynn', 'Best', 33, 'F', 'raelynn.best@company.com', '5554857362', 'Product', 15),
('Harlem', 'Montes', 36, 'O', 'harlem.montes@company.com', '5552736451', 'Marketing', 16),
('Roselyn', 'Copeland', 48, 'F', 'roselyn.copeland@company.com', '5558374920', 'Engineering', 17),
('Axton', 'Benitez', 25, 'M', 'axton.benitez@company.com', '5551029384', 'Sales', 18),
('Aliza', 'Andrews', 32, 'F', 'aliza.andrews@company.com', '5557463529', 'Marketing', 19),
('Lukas', 'Morse', 29, 'M', 'lukas.morse@company.com', '5553647582', 'Product', 20),
('Kairi', 'McCarty', 23, 'F', 'kairi.mccarty@company.com', '5559021837', 'Sales', 21),
('Blaise', 'Decker', 40, 'M', 'blaise.decker@company.com', '5556574839', 'Engineering', 22),
('Aleena', 'Ramirez', 31, 'F', 'aleena.ramirez@company.com', '5552837461', 'Sales', 23),
('David', 'Bean', 58, 'M', 'david.bean@company.com', '5551928370', 'Marketing', 24),
('Jenesis', 'Mullen', 26, 'F', 'jenesis.mullen@company.com', '5558473625', 'Product', 25),
('Davion', 'Dunn', 35, 'M', 'davion.dunn@company.com', '5553746281', 'Product', 26);

INSERT INTO login_logout_times (employee_id, date, time, entry_type) VALUES
-- Employee 1
(1, '2024-05-06', '08:05:12', 'login'), (1, '2024-05-06', '16:15:45', 'logout'), -- 8h 10m
(1, '2024-05-07', '08:12:30', 'login'), (1, '2024-05-07', '15:45:10', 'logout'), -- 7h 32m
(1, '2024-05-08', '07:55:00', 'login'), (1, '2024-05-08', '16:50:22', 'logout'), -- 8h 55m
(1, '2024-05-09', '08:20:15', 'login'), (1, '2024-05-09', '15:55:00', 'logout'), -- 7h 34m
(1, '2024-05-10', '08:00:00', 'login'), (1, '2024-05-10', '16:45:30', 'logout'), -- 8h 45m

-- Employee 2
(2, '2024-05-06', '09:00:22', 'login'), (2, '2024-05-06', '16:30:11', 'logout'), -- 7h 30m
(2, '2024-05-07', '08:45:00', 'login'), (2, '2024-05-07', '17:40:55', 'logout'), -- 8h 55m
(2, '2024-05-08', '09:15:10', 'login'), (2, '2024-05-08', '16:20:00', 'logout'), -- 7h 04m
(2, '2024-05-09', '08:55:45', 'login'), (2, '2024-05-09', '17:35:12', 'logout'), -- 8h 39m
(2, '2024-05-10', '09:10:00', 'login'), (2, '2024-05-10', '16:55:33', 'logout'), -- 7h 45m

-- Employee 3
(3, '2024-05-06', '08:30:15', 'login'), (3, '2024-05-06', '17:25:40', 'logout'),
(3, '2024-05-07', '08:25:00', 'login'), (3, '2024-05-07', '15:40:22', 'logout'),
(3, '2024-05-08', '08:45:12', 'login'), (3, '2024-05-08', '16:55:00', 'logout'),
(3, '2024-05-09', '08:15:50', 'login'), (3, '2024-05-09', '17:10:11', 'logout'),
(3, '2024-05-10', '08:35:00', 'login'), (3, '2024-05-10', '16:20:45', 'logout'),

-- Employee 4
(4, '2024-05-06', '07:45:00', 'login'), (4, '2024-05-06', '16:40:15', 'logout'),
(4, '2024-05-07', '07:55:33', 'login'), (4, '2024-05-07', '15:55:00', 'logout'),
(4, '2024-05-08', '08:05:12', 'login'), (4, '2024-05-08', '16:15:45', 'logout'),
(4, '2024-05-09', '07:50:00', 'login'), (4, '2024-05-09', '16:50:22', 'logout'),
(4, '2024-05-10', '08:10:45', 'login'), (4, '2024-05-10', '15:20:00', 'logout'),

-- Employee 5
(5, '2024-05-06', '09:30:00', 'login'), (5, '2024-05-06', '17:45:12', 'logout'),
(5, '2024-05-07', '09:15:45', 'login'), (5, '2024-05-07', '16:50:00', 'logout'),
(5, '2024-05-08', '09:40:10', 'login'), (5, '2024-05-08', '17:55:33', 'logout'),
(5, '2024-05-09', '09:20:00', 'login'), (5, '2024-05-09', '16:35:15', 'logout'),
(5, '2024-05-10', '09:05:22', 'login'), (5, '2024-05-10', '18:00:00', 'logout'),

-- Employee 6
(6, '2024-05-06', '08:15:33', 'login'), (6, '2024-05-06', '16:20:45', 'logout'),
(6, '2024-05-07', '08:20:00', 'login'), (6, '2024-05-07', '15:30:12', 'logout'),
(6, '2024-05-08', '08:05:15', 'login'), (6, '2024-05-08', '17:00:00', 'logout'),
(6, '2024-05-09', '08:10:45', 'login'), (6, '2024-05-09', '16:45:55', 'logout'),
(6, '2024-05-10', '08:25:00', 'login'), (6, '2024-05-10', '15:55:30', 'logout'),

-- Employee 7
(7, '2024-05-06', '08:50:00', 'login'), (7, '2024-05-06', '17:15:15', 'logout'),
(7, '2024-05-07', '08:45:12', 'login'), (7, '2024-05-07', '15:50:00', 'logout'),
(7, '2024-05-08', '09:00:33', 'login'), (7, '2024-05-08', '16:30:45', 'logout'),
(7, '2024-05-09', '08:55:00', 'login'), (7, '2024-05-09', '17:55:22', 'logout'),
(7, '2024-05-10', '09:10:45', 'login'), (7, '2024-05-10', '16:15:00', 'logout'),

-- Employee 8
(8, '2024-05-06', '07:30:12', 'login'), (8, '2024-05-06', '15:45:00', 'logout'),
(8, '2024-05-07', '07:45:55', 'login'), (8, '2024-05-07', '16:10:33', 'logout'),
(8, '2024-05-08', '07:50:00', 'login'), (8, '2024-05-08', '14:55:12', 'logout'),
(8, '2024-05-09', '07:40:15', 'login'), (8, '2024-05-09', '16:35:45', 'logout'),
(8, '2024-05-10', '07:55:30', 'login'), (8, '2024-05-10', '15:05:00', 'logout'),

-- Employee 9
(9, '2024-05-06', '08:25:45', 'login'), (9, '2024-05-06', '17:20:12', 'logout'),
(9, '2024-05-07', '08:35:00', 'login'), (9, '2024-05-07', '16:45:55', 'logout'),
(9, '2024-05-08', '08:15:33', 'login'), (9, '2024-05-08', '15:30:45', 'logout'),
(9, '2024-05-09', '08:40:00', 'login'), (9, '2024-05-09', '17:35:15', 'logout'),
(9, '2024-05-10', '08:20:11', 'login'), (9, '2024-05-10', '16:10:00', 'logout'),

-- Employee 10
(10, '2024-05-06', '09:15:00', 'login'), (10, '2024-05-06', '18:10:45', 'logout'),
(10, '2024-05-07', '09:05:22', 'login'), (10, '2024-05-07', '17:00:15', 'logout'),
(10, '2024-05-08', '09:25:45', 'login'), (10, '2024-05-08', '16:30:00', 'logout'),
(10, '2024-05-09', '09:10:33', 'login'), (10, '2024-05-09', '18:05:55', 'logout'),
(10, '2024-05-10', '09:00:00', 'login'), (10, '2024-05-10', '17:45:12', 'logout'),

-- Employee 11
(11, '2024-05-06', '08:00:15', 'login'), (11, '2024-05-06', '15:10:45', 'logout'),
(11, '2024-05-07', '08:15:33', 'login'), (11, '2024-05-07', '16:20:00', 'logout'),
(11, '2024-05-08', '08:10:12', 'login'), (11, '2024-05-08', '15:55:45', 'logout'),
(11, '2024-05-09', '07:55:00', 'login'), (11, '2024-05-09', '16:45:22', 'logout'),
(11, '2024-05-10', '08:05:45', 'login'), (11, '2024-05-10', '15:35:10', 'logout'),

-- Employee 12
(12, '2024-05-06', '08:40:00', 'login'), (12, '2024-05-06', '17:35:15', 'logout'),
(12, '2024-05-07', '08:30:12', 'login'), (12, '2024-05-07', '16:45:45', 'logout'),
(12, '2024-05-08', '08:50:33', 'login'), (12, '2024-05-08', '15:55:00', 'logout'),
(12, '2024-05-09', '08:45:55', 'login'), (12, '2024-05-09', '17:40:10', 'logout'),
(12, '2024-05-10', '08:35:22', 'login'), (12, '2024-05-10', '16:50:33', 'logout'),

-- Employee 13
(13, '2024-05-06', '07:50:45', 'login'), (13, '2024-05-06', '15:55:12', 'logout'),
(13, '2024-05-07', '08:05:00', 'login'), (13, '2024-05-07', '16:50:33', 'logout'),
(13, '2024-05-08', '07:55:15', 'login'), (13, '2024-05-08', '15:10:45', 'logout'),
(13, '2024-05-09', '08:10:33', 'login'), (13, '2024-05-09', '17:05:55', 'logout'),
(13, '2024-05-10', '08:00:22', 'login'), (13, '2024-05-10', '15:45:00', 'logout'),

-- Employee 14
(14, '2024-05-06', '09:20:12', 'login'), (14, '2024-05-06', '16:25:45', 'logout'),
(14, '2024-05-07', '09:10:00', 'login'), (14, '2024-05-07', '18:05:15', 'logout'),
(14, '2024-05-08', '09:30:33', 'login'), (14, '2024-05-08', '17:15:00', 'logout'),
(14, '2024-05-09', '09:15:55', 'login'), (14, '2024-05-09', '16:40:22', 'logout'),
(14, '2024-05-10', '09:05:45', 'login'), (14, '2024-05-10', '18:00:10', 'logout'),

-- Employee 15
(15, '2024-05-06', '08:15:00', 'login'), (15, '2024-05-06', '17:10:33', 'logout'),
(15, '2024-05-07', '08:25:45', 'login'), (15, '2024-05-07', '15:45:15', 'logout'),
(15, '2024-05-08', '08:10:22', 'login'), (15, '2024-05-08', '16:55:00', 'logout'),
(15, '2024-05-09', '08:35:12', 'login'), (15, '2024-05-09', '15:50:45', 'logout'),
(15, '2024-05-10', '08:20:55', 'login'), (15, '2024-05-10', '17:15:10', 'logout'),

-- Employee 16
(16, '2024-05-06', '08:45:33', 'login'), (16, '2024-05-06', '16:15:00', 'logout'),
(16, '2024-05-07', '08:55:00', 'login'), (16, '2024-05-07', '17:45:45', 'logout'),
(16, '2024-05-08', '08:40:12', 'login'), (16, '2024-05-08', '15:50:33', 'logout'),
(16, '2024-05-09', '09:05:45', 'login'), (16, '2024-05-09', '18:00:15', 'logout'),
(16, '2024-05-10', '08:50:22', 'login'), (16, '2024-05-10', '16:40:00', 'logout'),

-- Employee 17
(17, '2024-05-06', '07:55:15', 'login'), (17, '2024-05-06', '16:50:45', 'logout'),
(17, '2024-05-07', '08:10:33', 'login'), (17, '2024-05-07', '15:15:00', 'logout'),
(17, '2024-05-08', '08:05:00', 'login'), (17, '2024-05-08', '17:00:55', 'logout'),
(17, '2024-05-09', '07:45:22', 'login'), (17, '2024-05-09', '15:55:12', 'logout'),
(17, '2024-05-10', '08:00:45', 'login'), (17, '2024-05-10', '16:45:33', 'logout'),

-- Employee 18
(18, '2024-05-06', '09:10:00', 'login'), (18, '2024-05-06', '18:05:12', 'logout'),
(18, '2024-05-07', '09:00:45', 'login'), (18, '2024-05-07', '17:15:33', 'logout'),
(18, '2024-05-08', '09:25:22', 'login'), (18, '2024-05-08', '16:30:15', 'logout'),
(18, '2024-05-09', '09:15:00', 'login'), (18, '2024-05-09', '18:10:55', 'logout'),
(18, '2024-05-10', '09:05:33', 'login'), (18, '2024-05-10', '17:00:45', 'logout'),

-- Employee 19
(19, '2024-05-06', '08:20:45', 'login'), (19, '2024-05-06', '15:25:00', 'logout'),
(19, '2024-05-07', '08:35:15', 'login'), (19, '2024-05-07', '17:30:45', 'logout'),
(19, '2024-05-08', '08:15:33', 'login'), (19, '2024-05-08', '16:10:12', 'logout'),
(19, '2024-05-09', '08:40:00', 'login'), (19, '2024-05-09', '17:45:55', 'logout'),
(19, '2024-05-10', '08:25:22', 'login'), (19, '2024-05-10', '15:50:33', 'logout'),

-- Employee 20
(20, '2024-05-06', '07:40:12', 'login'), (20, '2024-05-06', '16:35:45', 'logout'),
(20, '2024-05-07', '07:55:00', 'login'), (20, '2024-05-07', '15:05:15', 'logout'),
(20, '2024-05-08', '07:50:33', 'login'), (20, '2024-05-08', '16:45:00', 'logout'),
(20, '2024-05-09', '07:35:55', 'login'), (20, '2024-05-09', '15:40:12', 'logout'),
(20, '2024-05-10', '08:05:45', 'login'), (20, '2024-05-10', '16:55:33', 'logout'),

-- Employee 21
(21, '2024-05-06', '08:55:15', 'login'), (21, '2024-05-06', '17:50:45', 'logout'),
(21, '2024-05-07', '09:05:33', 'login'), (21, '2024-05-07', '16:15:00', 'logout'),
(21, '2024-05-08', '08:50:00', 'login'), (21, '2024-05-08', '17:45:55', 'logout'),
(21, '2024-05-09', '09:10:22', 'login'), (21, '2024-05-09', '16:20:12', 'logout'),
(21, '2024-05-10', '08:45:45', 'login'), (21, '2024-05-10', '17:35:33', 'logout'),

-- Employee 22
(22, '2024-05-06', '08:05:00', 'login'), (22, '2024-05-06', '16:00:15', 'logout'),
(22, '2024-05-07', '08:15:45', 'login'), (22, '2024-05-07', '15:20:45', 'logout'),
(22, '2024-05-08', '08:00:33', 'login'), (22, '2024-05-08', '16:55:12', 'logout'),
(22, '2024-05-09', '08:25:55', 'login'), (22, '2024-05-09', '15:35:00', 'logout'),
(22, '2024-05-10', '08:10:22', 'login'), (22, '2024-05-10', '17:05:45', 'logout'),

-- Employee 23
(23, '2024-05-06', '09:35:12', 'login'), (23, '2024-05-06', '16:40:45', 'logout'),
(23, '2024-05-07', '09:20:00', 'login'), (23, '2024-05-07', '18:15:33', 'logout'),
(23, '2024-05-08', '09:45:55', 'login'), (23, '2024-05-08', '17:00:15', 'logout'),
(23, '2024-05-09', '09:30:45', 'login'), (23, '2024-05-09', '18:25:22', 'logout'),
(23, '2024-05-10', '09:15:33', 'login'), (23, '2024-05-10', '16:20:00', 'logout'),

-- Employee 24
(24, '2024-05-06', '08:30:15', 'login'), (24, '2024-05-06', '17:25:45', 'logout'),
(24, '2024-05-07', '08:40:33', 'login'), (24, '2024-05-07', '15:55:12', 'logout'),
(24, '2024-05-08', '08:25:00', 'login'), (24, '2024-05-08', '17:15:55', 'logout'),
(24, '2024-05-09', '08:50:22', 'login'), (24, '2024-05-09', '16:05:33', 'logout'),
(24, '2024-05-10', '08:35:45', 'login'), (24, '2024-05-10', '17:30:00', 'logout'),

-- Employee 25
(25, '2024-05-06', '07:55:33', 'login'), (25, '2024-05-06', '16:50:15', 'logout'),
(25, '2024-05-07', '08:10:00', 'login'), (25, '2024-05-07', '15:15:45', 'logout'),
(25, '2024-05-08', '08:05:45', 'login'), (25, '2024-05-08', '17:00:22', 'logout'),
(25, '2024-05-09', '07:45:12', 'login'), (25, '2024-05-09', '15:55:00', 'logout'),
(25, '2024-05-10', '08:00:55', 'login'), (25, '2024-05-10', '16:45:33', 'logout');